{
  "best_global_step": null,
  "best_metric": null,
  "best_model_checkpoint": null,
  "epoch": 0.4292997048564529,
  "eval_steps": 500,
  "global_step": 200,
  "is_hyper_param_search": false,
  "is_local_process_zero": true,
  "is_world_process_zero": true,
  "log_history": [
    {
      "entropy": 1.5332568153738975,
      "epoch": 0.021464985242822646,
      "grad_norm": 41.0,
      "learning_rate": 4.9034334763948506e-06,
      "logits/chosen": -2.6978265222072566,
      "logits/rejected": -2.667862113176759,
      "logps/chosen": -266.12168312072754,
      "logps/rejected": -234.20306205749512,
      "loss": 0.6451,
      "mean_token_accuracy": 0.530607744678855,
      "num_tokens": 116972.0,
      "rewards/accuracies": 0.5125,
      "rewards/chosen": 0.08987120746605796,
      "rewards/margins": 0.12068151573184878,
      "rewards/rejected": -0.03081030917237513,
      "step": 10
    },
    {
      "entropy": 1.7046086817979813,
      "epoch": 0.04292997048564529,
      "grad_norm": 30.75,
      "learning_rate": 4.796137339055794e-06,
      "logits/chosen": -2.6359901234550738,
      "logits/rejected": -2.6256905422197336,
      "logps/chosen": -283.22221450805665,
      "logps/rejected": -243.73759365081787,
      "loss": 0.5485,
      "mean_token_accuracy": 0.5326060574501753,
      "num_tokens": 238712.0,
      "rewards/accuracies": 0.5125,
      "rewards/chosen": 0.32597943870932794,
      "rewards/margins": 0.4991151605267078,
      "rewards/rejected": -0.17313571921840776,
      "step": 20
    },
    {
      "entropy": 1.7010290950536728,
      "epoch": 0.06439495572846794,
      "grad_norm": 15.3125,
      "learning_rate": 4.688841201716739e-06,
      "logits/chosen": -2.7298813838823675,
      "logits/rejected": -2.730489809880475,
      "logps/chosen": -274.73143644332885,
      "logps/rejected": -218.5168349266052,
      "loss": 0.4734,
      "mean_token_accuracy": 0.5259330987930297,
      "num_tokens": 357831.0,
      "rewards/accuracies": 0.5875,
      "rewards/chosen": 0.5257491381082218,
      "rewards/margins": 0.7713679574429989,
      "rewards/rejected": -0.2456188242183998,
      "step": 30
    },
    {
      "entropy": 1.7874017179012298,
      "epoch": 0.08585994097129059,
      "grad_norm": 29.375,
      "learning_rate": 4.581545064377683e-06,
      "logits/chosen": -2.750391615858159,
      "logits/rejected": -2.6755572924836213,
      "logps/chosen": -282.6962198257446,
      "logps/rejected": -240.7685152053833,
      "loss": 0.4554,
      "mean_token_accuracy": 0.5430027838796377,
      "num_tokens": 474302.0,
      "rewards/accuracies": 0.575,
      "rewards/chosen": 0.638756363522407,
      "rewards/margins": 0.9302344755364175,
      "rewards/rejected": -0.2914781096333172,
      "step": 40
    },
    {
      "entropy": 1.941029842197895,
      "epoch": 0.10732492621411323,
      "grad_norm": 9.625,
      "learning_rate": 4.474248927038627e-06,
      "logits/chosen": -2.8506448596979714,
      "logits/rejected": -2.876248424182916,
      "logps/chosen": -303.30654373168943,
      "logps/rejected": -259.465011882782,
      "loss": 0.4265,
      "mean_token_accuracy": 0.520632465928793,
      "num_tokens": 591770.0,
      "rewards/accuracies": 0.6375,
      "rewards/chosen": 0.8344002247788012,
      "rewards/margins": 1.1973991051316262,
      "rewards/rejected": -0.3629988856613636,
      "step": 50
    },
    {
      "entropy": 1.9169380784034729,
      "epoch": 0.12878991145693588,
      "grad_norm": 35.75,
      "learning_rate": 4.366952789699571e-06,
      "logits/chosen": -2.9077869281607356,
      "logits/rejected": -2.924747146245911,
      "logps/chosen": -270.111462020874,
      "logps/rejected": -260.78016834259034,
      "loss": 0.408,
      "mean_token_accuracy": 0.6052963696420193,
      "num_tokens": 689229.0,
      "rewards/accuracies": 0.65,
      "rewards/chosen": 0.726622858960036,
      "rewards/margins": 1.3902873694896698,
      "rewards/rejected": -0.6636645116930595,
      "step": 60
    },
    {
      "entropy": 2.002061925828457,
      "epoch": 0.15025489669975853,
      "grad_norm": 21.625,
      "learning_rate": 4.259656652360516e-06,
      "logits/chosen": -2.7698273885463154,
      "logits/rejected": -2.8069831311550586,
      "logps/chosen": -293.1669852733612,
      "logps/rejected": -276.5981161594391,
      "loss": 0.3683,
      "mean_token_accuracy": 0.5742000754922628,
      "num_tokens": 802410.0,
      "rewards/accuracies": 0.625,
      "rewards/chosen": 0.9263918650744017,
      "rewards/margins": 1.9822539595887065,
      "rewards/rejected": -1.055862096324563,
      "step": 70
    },
    {
      "entropy": 1.987008671462536,
      "epoch": 0.17171988194258117,
      "grad_norm": 19.625,
      "learning_rate": 4.15236051502146e-06,
      "logits/chosen": -2.775980092018235,
      "logits/rejected": -2.7795389431742494,
      "logps/chosen": -277.62316942214966,
      "logps/rejected": -278.87083234786985,
      "loss": 0.4251,
      "mean_token_accuracy": 0.5559707388281823,
      "num_tokens": 904683.0,
      "rewards/accuracies": 0.6,
      "rewards/chosen": 0.7293311434332281,
      "rewards/margins": 1.4739774660207332,
      "rewards/rejected": -0.7446463235188275,
      "step": 80
    },
    {
      "entropy": 1.9622863247990607,
      "epoch": 0.1931848671854038,
      "grad_norm": 2.8125,
      "learning_rate": 4.045064377682404e-06,
      "logits/chosen": -2.558839574385524,
      "logits/rejected": -2.529547028067803,
      "logps/chosen": -304.2144337654114,
      "logps/rejected": -286.55685300827025,
      "loss": 0.4303,
      "mean_token_accuracy": 0.5235693238675594,
      "num_tokens": 1032354.0,
      "rewards/accuracies": 0.5375,
      "rewards/chosen": 1.0246427828678861,
      "rewards/margins": 1.9345960113918408,
      "rewards/rejected": -0.9099532326450571,
      "step": 90
    },
    {
      "entropy": 2.014843802154064,
      "epoch": 0.21464985242822646,
      "grad_norm": 39.25,
      "learning_rate": 3.937768240343348e-06,
      "logits/chosen": -2.6525846749289608,
      "logits/rejected": -2.6718935513752653,
      "logps/chosen": -264.10276584625245,
      "logps/rejected": -293.88549575805666,
      "loss": 0.3752,
      "mean_token_accuracy": 0.5627069383859634,
      "num_tokens": 1147332.0,
      "rewards/accuracies": 0.6875,
      "rewards/chosen": 0.856431009201333,
      "rewards/margins": 2.130034245736897,
      "rewards/rejected": -1.2736032252199947,
      "step": 100
    },
    {
      "entropy": 1.965594694018364,
      "epoch": 0.2361148376710491,
      "grad_norm": 11.75,
      "learning_rate": 3.830472103004292e-06,
      "logits/chosen": -2.7346183858238877,
      "logits/rejected": -2.7258093479679255,
      "logps/chosen": -279.47680044174194,
      "logps/rejected": -262.19511365890503,
      "loss": 0.3762,
      "mean_token_accuracy": 0.5309161759912968,
      "num_tokens": 1261139.0,
      "rewards/accuracies": 0.5625,
      "rewards/chosen": 1.011105995811522,
      "rewards/margins": 2.063602686068043,
      "rewards/rejected": -1.0524966994300484,
      "step": 110
    },
    {
      "entropy": 1.8313144892454147,
      "epoch": 0.25757982291387177,
      "grad_norm": 15.25,
      "learning_rate": 3.723175965665236e-06,
      "logits/chosen": -2.5625968241015453,
      "logits/rejected": -2.575547986815073,
      "logps/chosen": -245.5564426779747,
      "logps/rejected": -205.05699779987336,
      "loss": 0.3853,
      "mean_token_accuracy": 0.5212884064763784,
      "num_tokens": 1382006.0,
      "rewards/accuracies": 0.6625,
      "rewards/chosen": 0.8315690203104168,
      "rewards/margins": 1.611666805081768,
      "rewards/rejected": -0.7800977843988222,
      "step": 120
    },
    {
      "entropy": 2.1070251032710074,
      "epoch": 0.2790448081566944,
      "grad_norm": 4.53125,
      "learning_rate": 3.61587982832618e-06,
      "logits/chosen": -2.7974769941189512,