{
  "eval_name": "stage1_m1_test",
  "model_path": "/home/jovyan/posco-research/Legal_posco-3stages/q1_3stage_pipeline/logs/checkpoints/stage1/M1_seed43_qlora/final",
  "test_jsonl": "/home/jovyan/posco-research/Legal_posco-3stages/q1_3stage_pipeline/data/test_20_dialogues.jsonl",
  "n_examples": 4,
  "max_new_tokens": 96,
  "max_input_tokens": 512,
  "seed": 43,
  "bertscore_enabled": false,
  "generated_at_utc": "2026-05-13T14:37:27.450821+00:00",
  "bleu_1": 0.13229506807260888,
  "bleu_2": 0.06424650223538035,
  "bleu_3": 0.03343373495228904,
  "bleu_4": 0.01960730029309889,
  "rouge_1_f1": 0.28332607096313234,
  "rouge_2_f1": 0.07721324075032215,
  "rouge_l_f1": 0.17987155842891137,
  "meteor": 0.0,
  "bertscore_f1": 0.0,
  "avg_reference_length": 87.0,
  "avg_candidate_length": 52.5,
  "length_ratio": 0.603448275862069,
  "length_difference": -34.5,
  "nli_score": 0.6406506448984146,
  "statute_precision": 0.0,
  "statute_recall": 0.0,
  "statute_f1": 0.0,
  "harmful_rate": 0.0,
  "refusal_rate": 0.0
}