{
  "eval_name": "stage2_m2_test",
  "model_path": "/home/jovyan/posco-research/Legal_posco-3stages/q1_3stage_pipeline/logs/checkpoints/stage2/M2_fromM1_seed43_full_finaltrain/final",
  "test_jsonl": "/home/jovyan/posco-research/Legal_posco-3stages/q1_3stage_pipeline/data/test_20_dialogues.jsonl",
  "n_examples": 950,
  "max_new_tokens": 96,
  "max_input_tokens": 512,
  "seed": 43,
  "bertscore_enabled": false,
  "generated_at_utc": "2026-05-13T18:26:04.257808+00:00",
  "bleu_1": 0.14507845584359544,
  "bleu_2": 0.0617505741355866,
  "bleu_3": 0.03104701731185797,
  "bleu_4": 0.017314941482334593,
  "rouge_1_f1": 0.24143192558825244,
  "rouge_2_f1": 0.05533403759921315,
  "rouge_l_f1": 0.15378628303987885,
  "meteor": 0.0,
  "bertscore_f1": 0.0,
  "avg_reference_length": 89.7357894736842,
  "avg_candidate_length": 53.397894736842105,
  "length_ratio": 0.5950568335112435,
  "length_difference": -36.3378947368421,
  "nli_score": 0.4321617589166884,
  "statute_precision": 0.5231228070175439,
  "statute_recall": 0.3970138073141169,
  "statute_f1": 0.4133888910585462,
  "harmful_rate": 0.005263157894736842,
  "refusal_rate": 0.0
}